Workbook

Sheet Store_Sales
A1: Store_Sales sheet
A2: Date | B2: Product | C2: Category | D2: Quantity | E2: Price | F2: Total Sales | G2: Sels of HeadPhone | H2: First 3 | I2: Last 2 | J2: Max | K2: MIN
A3: 45706 | B3: Notebook | C3: Stationery | D3: 20 | E3: 100 | F3: =(D3*E3) -> 2000
A4: 45738 | B4: Pen | C4: Stationery | D4: 50 | E4: 20 | F4: =(D4*E4) -> 1000
A5: 45658 | B5: Headphones | C5: Electronics | D5: 5 | E5: 1000 | F5: =(D5*E5) -> 5000 | G5: 15 | H5: =LEFT(B5,3) -> Hea | I5: =RIGHT(C5,2) -> cs | J5: =MAX(F5:F10) -> 8400 | K5: =MIN(F5:F10) -> 5000
A6: 45658 | B6: Headphones | C6: Electronics | D6: 5 | E6: 1500 | F6: =(D6*E6) -> 7500 | H6: =LEFT(B6,3) -> Hea | I6: =RIGHT(C6,2) -> cs
A7: 45658 | B7: Headphones | C7: Electronics | D7: 5 | E7: 1500 | F7: =(D7*E7) -> 7500 | H7: =LEFT(B7,3) -> Hea | I7: =RIGHT(C7,2) -> cs
A8: 45700 | B8: Keyboard | C8: Electronics | D8: 7 | E8: 1200 | F8: =(D8*E8) -> 8400 | H8: =LEFT(B8,3) -> Key | I8: =RIGHT(C8,2) -> cs
A9: 45662 | B9: Mouse | C9: Electronics | D9: 10 | E9: 500 | F9: =(D9*E9) -> 5000 | H9: =LEFT(B9,3) -> Mou | I9: =RIGHT(C9,2) -> cs
A10: 45726 | B10: Pen Drive | C10: Electronics | D10: 8 | E10: 800 | F10: =(D10*E10) -> 6400 | H10: =LEFT(B10,3) -> Pen | I10: =RIGHT(C10,2) -> cs

Sheet Summary
A1: Month | B1: Total Seles | C1: Average Sales
A2: 45658 | B2: =SUMIFS(Store_Sales!F:F, Store_Sales!A:A, ">=01-01-2025", Store_Sales!A:A, "<=31-01-2025") -> 25000 | C2: =AVERAGEIFS(Store_Sales!F:F, Store_Sales!A:A, ">=01-01-2025", Store_Sales!A:A, "<=31-01-2025") -> 6250
A3: 45689 | B3: =SUMIFS(Store_Sales!F:F, Store_Sales!A:A, ">=01-02-2025", Store_Sales!A:A, "<=28-02-2025") -> 10400 | C3: =AVERAGEIFS(Store_Sales!F:F, Store_Sales!A:A, ">=01-02-2025", Store_Sales!A:A, "<=28-02-2025") -> 5200
A4: 45717 | B4: =SUMIFS(Store_Sales!F:F, Store_Sales!A:A, ">=01-03-2025", Store_Sales!A:A, "<=31-03-2025") -> 7400 | C4: =AVERAGEIFS(Store_Sales!F:F, Store_Sales!A:A, ">=01-03-2025", Store_Sales!A:A, "<=31-03-2025") -> 3700

Sheet Chart
